what,kind,bundleId,bundleVersion,description,time
started,bundle,com.google.gdt.eclipse.suite.ext,3.1.2.v201211121242-rel-r37,"com.google.gdt.eclipse.suite.ext",1378231384641
started,bundle,com.google.gwt.eclipse.core,3.1.2.v201211121242-rel-r37,"com.google.gwt.eclipse.core",1378231384699
started,bundle,com.ibm.icu,4.4.2.v20110823,"com.ibm.icu",1378231384730
started,bundle,org.eclipse.core.filebuffers,3.5.200.v20110928-1504,"org.eclipse.core.filebuffers",1378231384770
started,bundle,org.eclipse.core.jobs,3.5.101.v20120113-1953,"org.eclipse.core.jobs",1378231384803
started,bundle,org.eclipse.core.resources,3.7.101.v20120125-1505,"org.eclipse.core.resources",1378231384908
started,bundle,org.eclipse.core.variables,3.2.500.v20110928-1503,"org.eclipse.core.variables",1378231384966
started,bundle,org.eclipse.debug.core,3.7.1.v20111129-2031,"org.eclipse.debug.core",1378231385115
started,bundle,org.eclipse.debug.ui,3.7.102.v20111129-1423_r372,"org.eclipse.debug.ui",1378231385184
started,bundle,org.eclipse.equinox.p2.core,2.1.1.v20120113-1346,"org.eclipse.equinox.p2.core",1378231385208
started,bundle,org.eclipse.equinox.p2.directorywatcher,1.0.300.v20110815-1419,"org.eclipse.equinox.p2.directorywatcher",1378231385241
started,bundle,org.eclipse.equinox.p2.engine,2.1.1.R37x_v20111003,"org.eclipse.equinox.p2.engine",1378231385480
started,bundle,org.eclipse.equinox.p2.metadata,2.1.0.v20110815-1419,"org.eclipse.equinox.p2.metadata",1378231385728
started,bundle,org.eclipse.equinox.p2.metadata.repository,1.2.0.v20110815-1419,"org.eclipse.equinox.p2.metadata.repository",1378231385775
started,bundle,org.eclipse.equinox.p2.operations,2.1.1.R37x_v20111111,"org.eclipse.equinox.p2.operations",1378231385821
started,bundle,org.eclipse.equinox.p2.reconciler.dropins,1.1.100.v20110815-1419,"org.eclipse.equinox.p2.reconciler.dropins",1378231385867
started,bundle,org.eclipse.equinox.p2.repository,2.1.1.v20120113-1346,"org.eclipse.equinox.p2.repository",1378231385963
started,bundle,org.eclipse.equinox.p2.ui.sdk.scheduler,1.0.100.v20110815-1419,"org.eclipse.equinox.p2.ui.sdk.scheduler",1378231386020
started,bundle,org.eclipse.equinox.p2.updatechecker,1.1.200.v20110815-1419,"org.eclipse.equinox.p2.updatechecker",1378231386047
started,bundle,org.eclipse.equinox.preferences,3.4.2.v20120111-2020,"org.eclipse.equinox.preferences",1378231386119
started,bundle,org.eclipse.jdt.core,3.7.3.v20120119-1537,"org.eclipse.jdt.core",1378231386287
started,bundle,org.eclipse.jdt.core.manipulation,1.4.0.v20110928-1453,"org.eclipse.jdt.core.manipulation",1378231386329
started,bundle,org.eclipse.jdt.launching,3.6.1.v20111006_r372,"org.eclipse.jdt.launching",1378231386408
started,bundle,org.eclipse.jdt.ui,3.7.2.v20120109-1427,"org.eclipse.jdt.ui",1378231386701
started,bundle,org.eclipse.jface,3.7.0.v20110928-1505,"org.eclipse.jface",1378231386751
started,bundle,org.eclipse.jst.j2ee.ui,1.1.503.v201201190400,"org.eclipse.jst.j2ee.ui",1378231386872
started,bundle,org.eclipse.jst.jee.ui,1.0.401.v201202011107,"org.eclipse.jst.jee.ui",1378231386950
started,bundle,org.eclipse.jst.ws.jaxws.utils,1.0.100.v201201031437,"org.eclipse.jst.ws.jaxws.utils",1378231387006
started,bundle,org.eclipse.ltk.core.refactoring,3.5.201.r372_v20111101-0700,"org.eclipse.ltk.core.refactoring",1378231387063
started,bundle,org.eclipse.ltk.ui.refactoring,3.6.0.v20110928-1453,"org.eclipse.ltk.ui.refactoring",1378231387114
started,bundle,org.eclipse.mylyn.bugzilla.core,3.8.2.v20120916-1200,"org.eclipse.mylyn.bugzilla.core",1378231387169
started,bundle,org.eclipse.mylyn.bugzilla.ui,3.8.2.v20120916-1200,"org.eclipse.mylyn.bugzilla.ui",1378231387217
started,bundle,org.eclipse.mylyn.commons.core,3.8.2.v20120916-1200,"org.eclipse.mylyn.commons.core",1378231387270
started,bundle,org.eclipse.mylyn.commons.net,3.8.2.v20120916-1200,"org.eclipse.mylyn.commons.net",1378231387271
started,bundle,org.eclipse.mylyn.commons.notifications.core,1.0.2.v20120916-1200,"org.eclipse.mylyn.commons.notifications.core",1378231387298
started,bundle,org.eclipse.mylyn.commons.notifications.feed,1.0.2.v20120916-1200,"org.eclipse.mylyn.commons.notifications.feed",1378231387610
started,bundle,org.eclipse.mylyn.commons.ui,3.8.2.v20120916-1200,"org.eclipse.mylyn.commons.ui",1378231387666
started,bundle,org.eclipse.mylyn.commons.workbench,3.8.2.v20120916-1200,"org.eclipse.mylyn.commons.workbench",1378231387707
started,bundle,org.eclipse.mylyn.context.core,3.8.2.v20120916-1200,"org.eclipse.mylyn.context.core",1378231387728
started,bundle,org.eclipse.mylyn.context.tasks.ui,3.8.2.v20120916-1200,"org.eclipse.mylyn.context.tasks.ui",1378231387770
started,bundle,org.eclipse.mylyn.monitor.ui,3.8.2.v20120916-1200,"org.eclipse.mylyn.monitor.ui",1378231387798
started,bundle,org.eclipse.mylyn.tasks.ui,3.8.2.v20120916-1200,"org.eclipse.mylyn.tasks.ui",1378231387862
started,bundle,org.eclipse.mylyn.team.ui,3.8.2.v20120916-1200,"org.eclipse.mylyn.team.ui",1378231387941
started,bundle,org.eclipse.team.cvs.ui,3.3.401.v20120126-1227,"org.eclipse.team.cvs.ui",1378231388072
started,bundle,org.eclipse.team.ui,3.6.101.R37x_v20111109-0800,"org.eclipse.team.ui",1378231388163
started,bundle,org.eclipse.ui,3.7.0.v20110928-1505,"org.eclipse.ui",1378231388237
started,bundle,org.eclipse.ui.console,3.5.100.v20111007_r372,"org.eclipse.ui.console",1378231388263
started,bundle,org.eclipse.ui.editors,3.7.0.v20110928-1504,"org.eclipse.ui.editors",1378231388263
started,bundle,org.eclipse.ui.forms,3.5.101.v20111011-1919,"org.eclipse.ui.forms",1378231388346
started,bundle,org.eclipse.ui.ide,3.7.0.v20110928-1505,"org.eclipse.ui.ide",1378231388424
started,bundle,org.eclipse.ui.navigator,3.5.101.v20120106-1355,"org.eclipse.ui.navigator",1378231388541
started,bundle,org.eclipse.ui.navigator.resources,3.4.300.v20110928-1505,"org.eclipse.ui.navigator.resources",1378231388563
started,bundle,org.eclipse.ui.net,1.2.100.v20111208-1155,"org.eclipse.ui.net",1378231388646
started,bundle,org.eclipse.ui.views,3.6.0.v20110928-1505,"org.eclipse.ui.views",1378231388666
started,bundle,org.eclipse.ui.workbench,3.7.1.v20120104-1859,"org.eclipse.ui.workbench",1378231388705
started,bundle,org.eclipse.ui.workbench.texteditor,3.7.0.v20110928-1504,"org.eclipse.ui.workbench.texteditor",1378231388798
os,sysinfo,,,"win32",1378231388847
arch,sysinfo,,,"x86_64",1378231388847
ws,sysinfo,,,"win32",1378231388847
locale,sysinfo,,,"en_US",1378231388847
processors,sysinfo,,,"4",1378231388847
java.runtime.name,sysinfo,,,"Java(TM) SE Runtime Environment",1378231388847
java.runtime.version,sysinfo,,,"1.6.0_27-b07",1378231388847
java.specification.name,sysinfo,,,"Java Platform API Specification",1378231388847
java.specification.vendor,sysinfo,,,"Sun Microsystems Inc.",1378231388847
java.specification.version,sysinfo,,,"1.6",1378231388847
java.vendor,sysinfo,,,"Sun Microsystems Inc.",1378231388847
java.version,sysinfo,,,"1.6.0_27",1378231388847
java.vm.info,sysinfo,,,"mixed mode",1378231388847
java.vm.name,sysinfo,,,"Java HotSpot(TM) 64-Bit Server VM",1378231388847
java.vm.specification.name,sysinfo,,,"Java Virtual Machine Specification",1378231388847
java.vm.specification.vendor,sysinfo,,,"Sun Microsystems Inc.",1378231388847
java.vm.specification.version,sysinfo,,,"1.0",1378231388847
java.vm.vendor,sysinfo,,,"Sun Microsystems Inc.",1378231388847
java.vm.version,sysinfo,,,"20.2-b06",1378231388847
started,bundle,com.google.gdt.eclipse.appengine.rpc,3.1.2.v201211121242-rel-r37,"com.google.gdt.eclipse.appengine.rpc",1378231390271
started,bundle,org.eclipse.team.svn.ui,0.7.9.I20110819-1700,"org.eclipse.team.svn.ui",1378231390694
started,bundle,org.eclipse.jdt.apt.core,3.3.500.v20110420-1015,"org.eclipse.jdt.apt.core",1378231390700
started,bundle,org.eclipse.jdt.apt.pluggable.core,1.0.400.v20110305-1450,"org.eclipse.jdt.apt.pluggable.core",1378231390713
started,bundle,org.eclipse.team.svn.revision.graph,0.7.9.I20110318-1700,"org.eclipse.team.svn.revision.graph",1378231391404
started,bundle,org.polarion.eclipse.team.svn.connector.svnkit16,2.2.2.I20110819-1700,"org.polarion.eclipse.team.svn.connector.svnkit16",1378231391431
started,bundle,org.eclipse.draw2d,3.7.2.v20111017-2020,"org.eclipse.draw2d",1378231454762
started,bundle,com.google.gdt.eclipse.maven,3.1.2.v201211121242-rel-r37,"com.google.gdt.eclipse.maven",1378231469032
started,bundle,com.google.gdt.eclipse.suite,3.1.2.v201211121242-rel-r37,"com.google.gdt.eclipse.suite",1378231469103
error,log,,,"The site.xml file downloaded from the update site does not contain any <feature> elements with an id of 'com.google.appengine.eclipse.sdkbundle.e37.feature'. Unable to determine if there are updates available.",1378231473670
error,log,,,"Problems occurred when invoking code from plug-in: ""com.google.gdt.eclipse.suite.ext"".",1378231473736
deactivated,workbench,org.eclipse.ui.workbench,3.7.1.v20120104-1859,"",1378236538888
activated,workbench,org.eclipse.ui.workbench,3.7.1.v20120104-1859,"",1378236540357
closed,workbench,org.eclipse.ui.workbench,3.7.1.v20120104-1859,"",1378236540775
started,bundle,org.eclipse.compare,3.5.202.R37x_v20111109-0800,"org.eclipse.compare",1378236541857
stopped,bundle,org.eclipse.jst.ws.axis.creation.ui,1.0.700.v201104070312,"org.eclipse.jst.ws.axis.creation.ui",1378236542471
stopped,bundle,org.eclipse.jst.ws.axis.consumption.ui,1.0.505.v201004211805,"org.eclipse.jst.ws.axis.consumption.ui",1378236542472
stopped,bundle,org.eclipse.jst.ws.axis.consumption.core,1.0.407.v201104071820,"org.eclipse.jst.ws.axis.consumption.core",1378236542472
stopped,bundle,org.eclipse.jst.ws.axis2.creation.ui,1.0.104.v201004211805,"org.eclipse.jst.ws.axis2.creation.ui",1378236542472
stopped,bundle,org.eclipse.jst.ws.axis2.consumption.ui,1.0.103.v201004211805,"org.eclipse.jst.ws.axis2.consumption.ui",1378236542472
stopped,bundle,org.eclipse.jst.ws.axis2.creation.core,1.0.106.v201004211805,"org.eclipse.jst.ws.axis2.creation.core",1378236542472
stopped,bundle,org.eclipse.jst.ws.axis2.consumption.core,1.0.105.v201004211805,"org.eclipse.jst.ws.axis2.consumption.core",1378236542472
stopped,bundle,org.eclipse.jst.ws.axis2.ui,1.0.303.v201003110431,"org.eclipse.jst.ws.axis2.ui",1378236542473
stopped,bundle,org.eclipse.jst.ws.axis2.core,1.0.204.v201004211805,"org.eclipse.jst.ws.axis2.core",1378236542473
stopped,bundle,org.eclipse.jst.ws.cxf.creation.ui,1.0.100.v201104022153,"org.eclipse.jst.ws.cxf.creation.ui",1378236542473
stopped,bundle,org.eclipse.jst.ws.creation.ui,1.0.609.v201103082016,"org.eclipse.jst.ws.creation.ui",1378236542476
stopped,bundle,org.eclipse.jst.ws.cxf.consumption.ui,1.0.0.v201003222311,"org.eclipse.jst.ws.cxf.consumption.ui",1378236542476
stopped,bundle,org.eclipse.jst.ws.cxf.consumption.core,1.0.0.v201003222311,"org.eclipse.jst.ws.cxf.consumption.core",1378236542476
stopped,bundle,org.eclipse.jst.ws.cxf.creation.core,1.0.100.v201104022153,"org.eclipse.jst.ws.cxf.creation.core",1378236542476
stopped,bundle,org.eclipse.jst.ws.cxf.ui,1.0.0.v201004171919,"org.eclipse.jst.ws.cxf.ui",1378236542476
stopped,bundle,org.eclipse.jst.ws.cxf.core,1.0.100.v201104022153,"org.eclipse.jst.ws.cxf.core",1378236542476
stopped,bundle,org.eclipse.jst.ws.uddiregistry,1.0.500.v201004211805,"org.eclipse.jst.ws.uddiregistry",1378236542476
stopped,bundle,org.eclipse.jst.ws.consumption.ui,1.1.402.v201201250306,"org.eclipse.jst.ws.consumption.ui",1378236542476
stopped,bundle,org.eclipse.jst.ws.ui,1.0.403.v201004211805,"org.eclipse.jst.ws.ui",1378236542476
stopped,bundle,org.eclipse.jst.ws.consumption,1.0.603.v201202012024,"org.eclipse.jst.ws.consumption",1378236542476
stopped,bundle,org.eclipse.jst.ws,1.0.509.v201108250610,"org.eclipse.jst.ws",1378236542476
stopped,bundle,org.eclipse.wst.ws.explorer,1.0.607.v201103082002,"org.eclipse.wst.ws.explorer",1378236542476
stopped,bundle,org.eclipse.wst.wsdl.ui,1.2.403.v201108240515,"org.eclipse.wst.wsdl.ui",1378236542476
stopped,bundle,org.eclipse.wst.ws.ui,1.1.200.v201004211805,"org.eclipse.wst.ws.ui",1378236542476
stopped,bundle,org.eclipse.wst.wsi.ui,1.0.502.v201104071820,"org.eclipse.wst.wsi.ui",1378236542476
stopped,bundle,org.eclipse.wst.wsi,1.0.401.v201104071820,"org.eclipse.wst.wsi",1378236542476
stopped,bundle,org.eclipse.wst.ws,1.1.203.v201004211805,"org.eclipse.wst.ws",1378236542477
stopped,bundle,org.eclipse.jst.j2ee.webservice.ui,1.1.500.v201105122000,"org.eclipse.jst.j2ee.webservice.ui",1378236542477
stopped,bundle,org.eclipse.jst.j2ee.webservice,1.1.400.v201004110600,"org.eclipse.jst.j2ee.webservice",1378236542477
stopped,bundle,org.eclipse.wst.ws.parser,1.0.403.v201004211805,"org.eclipse.wst.ws.parser",1378236542477
stopped,bundle,org.eclipse.datatools.enablement.sybase.asa.schemaobjecteditor.examples,2.5.0.200810071,"org.eclipse.datatools.enablement.sybase.asa.schemaobjecteditor.examples",1378236542477
stopped,bundle,org.eclipse.datatools.sqltools.schemaobjecteditor.ui.pages,1.1.0.200810071,"org.eclipse.datatools.sqltools.schemaobjecteditor.ui.pages",1378236542477
stopped,bundle,org.eclipse.datatools.sqltools.schemaobjecteditor.ui,1.1.1.200810071,"org.eclipse.datatools.sqltools.schemaobjecteditor.ui",1378236542477
stopped,bundle,org.eclipse.jst.jsf.apache.trinidad.tagsupport,1.1.200.v201104061711,"org.eclipse.jst.jsf.apache.trinidad.tagsupport",1378236542477
stopped,bundle,org.eclipse.jst.jsf.facesconfig.ui,1.2.2.v201103292152,"org.eclipse.jst.jsf.facesconfig.ui",1378236542477
stopped,bundle,org.eclipse.jst.jsf.facelet.ui,1.0.1.v201104032306,"org.eclipse.jst.jsf.facelet.ui",1378236542477
stopped,bundle,org.eclipse.jst.jsf.ui,1.3.2.v201104251204,"org.eclipse.jst.jsf.ui",1378236542479
stopped,bundle,org.eclipse.jst.pagedesigner.jsf.ui,1.2.100.v201104061711,"org.eclipse.jst.pagedesigner.jsf.ui",1378236542480
stopped,bundle,org.eclipse.jst.pagedesigner,1.3.104.v201201181342,"org.eclipse.jst.pagedesigner",1378236542480
stopped,bundle,org.eclipse.jst.jsf.common.ui,1.2.100.v201104061711,"org.eclipse.jst.jsf.common.ui",1378236542480
stopped,bundle,org.eclipse.pde.ua.ui,1.0.100.v20110516,"org.eclipse.pde.ua.ui",1378236542480
stopped,bundle,org.eclipse.jst.j2ee.xdoclet.runtime,1.1.300.v201004280700,"org.eclipse.jst.j2ee.xdoclet.runtime",1378236542480
stopped,bundle,org.eclipse.jst.j2ee.ejb.annotations.xdoclet,1.2.200.v201103302125,"org.eclipse.jst.j2ee.ejb.annotations.xdoclet",1378236542480
stopped,bundle,com.android.ide.eclipse.adt,12.0.0.v201106281929-138431,"com.android.ide.eclipse.adt",1378236542480
stopped,bundle,org.eclipse.pde.api.tools.ui,1.0.301.v20110803_r371,"org.eclipse.pde.api.tools.ui",1378236542480
stopped,bundle,org.eclipse.datatools.connectivity.oda.template.ui,3.2.3.v201201121156,"org.eclipse.datatools.connectivity.oda.template.ui",1378236542480
stopped,bundle,org.eclipse.pde.ds.ui,1.0.100.v20111213-1754,"org.eclipse.pde.ds.ui",1378236542480
stopped,bundle,org.eclipse.pde.runtime,3.4.201.v20110928-1516,"org.eclipse.pde.runtime",1378236542480
stopped,bundle,org.eclipse.pde.ui.templates,3.4.400.v20110928-1516,"org.eclipse.pde.ui.templates",1378236542480
stopped,bundle,org.eclipse.pde.ui,3.6.100.v20120103_r372,"org.eclipse.pde.ui",1378236542480
stopped,bundle,org.eclipse.ui.cheatsheets,3.4.100.v20110425,"org.eclipse.ui.cheatsheets",1378236542480
stopped,bundle,org.eclipse.help.ui,3.5.101.r37_20110819,"org.eclipse.help.ui",1378236542480
stopped,bundle,org.eclipse.epp.mpc.ui,1.1.1.I20110907-0947,"org.eclipse.epp.mpc.ui",1378236542480
stopped,bundle,org.eclipse.epp.usagedata.ui,1.3.1.R201106061540,"org.eclipse.epp.usagedata.ui",1378236542480
stopped,bundle,org.eclipse.ui.intro.universal,3.2.500.v20110510,"org.eclipse.ui.intro.universal",1378236542480
stopped,bundle,org.eclipse.wtp.epp.package.jee.intro,1.3.0.v201006142040,"org.eclipse.wtp.epp.package.jee.intro",1378236542480
stopped,bundle,org.eclipse.ui.intro,3.4.100.v20110425,"org.eclipse.ui.intro",1378236542480
stopped,bundle,org.eclipse.datatools.enablement.hsqldb.ui,1.0.0.v201108120600,"org.eclipse.datatools.enablement.hsqldb.ui",1378236542480
stopped,bundle,org.eclipse.datatools.enablement.ingres.ui,1.0.0.v201105270214,"org.eclipse.datatools.enablement.ingres.ui",1378236542480
stopped,bundle,org.eclipse.jpt.jpa.eclipselink.ui,2.0.1.v201108080010,"org.eclipse.jpt.jpa.eclipselink.ui",1378236542481
stopped,bundle,org.eclipse.jpt.jpa.ui,3.0.2.v201201243020,"org.eclipse.jpt.jpa.ui",1378236542481
stopped,bundle,org.eclipse.datatools.enablement.postgresql.ui,1.0.0.v201107221506,"org.eclipse.datatools.enablement.postgresql.ui",1378236542481
stopped,bundle,org.eclipse.datatools.enablement.sqlite.ui,1.0.0.v201107221507,"org.eclipse.datatools.enablement.sqlite.ui",1378236542481
stopped,bundle,org.eclipse.datatools.connectivity.db.generic.ui,1.0.1.v201107221459,"org.eclipse.datatools.connectivity.db.generic.ui",1378236542481
stopped,bundle,org.eclipse.datatools.enablement.sybase.ase.ui,1.0.1.v200906020900,"org.eclipse.datatools.enablement.sybase.ase.ui",1378236542481
stopped,bundle,org.eclipse.datatools.sqltools.data.ui,1.2.1.v201010270945,"org.eclipse.datatools.sqltools.data.ui",1378236542481
stopped,bundle,org.eclipse.datatools.sqltools.db.derby.ui,1.0.0.v200906020900,"org.eclipse.datatools.sqltools.db.derby.ui",1378236542481
stopped,bundle,org.eclipse.datatools.sqltools.db.generic.ui,1.0.0.v200906020900,"org.eclipse.datatools.sqltools.db.generic.ui",1378236542481
stopped,bundle,org.eclipse.datatools.sqltools.debugger.core.ui,1.0.0.v201003161000,"org.eclipse.datatools.sqltools.debugger.core.ui",1378236542481
stopped,bundle,org.eclipse.datatools.sqltools.routineeditor.ui,1.0.2.v201111230714,"org.eclipse.datatools.sqltools.routineeditor.ui",1378236542482
stopped,bundle,org.eclipse.datatools.sqltools.sqlbuilder,1.0.3.v201107221520,"org.eclipse.datatools.sqltools.sqlbuilder",1378236542482
stopped,bundle,org.eclipse.datatools.enablement.sybase.asa.ui,1.0.1.v200906111204,"org.eclipse.datatools.enablement.sybase.asa.ui",1378236542482
stopped,bundle,org.eclipse.datatools.sqltools.ddlgen.ui,1.0.2.v201201131129,"org.eclipse.datatools.sqltools.ddlgen.ui",1378236542482
stopped,bundle,org.eclipse.datatools.sqltools.debugger.core,1.0.1.v201107221520,"org.eclipse.datatools.sqltools.debugger.core",1378236542482
stopped,bundle,org.eclipse.datatools.sqltools.sqlscrapbook,1.0.1.v201107221520,"org.eclipse.datatools.sqltools.sqlscrapbook",1378236542482
stopped,bundle,org.eclipse.datatools.sqltools.sqleditor,1.0.2.v201107221520,"org.eclipse.datatools.sqltools.sqleditor",1378236542482
stopped,bundle,org.eclipse.datatools.sqltools.editor.core.ui,1.0.0.v201001150815,"org.eclipse.datatools.sqltools.editor.core.ui",1378236542482
stopped,bundle,org.eclipse.datatools.sqltools.tabledataeditor,1.0.1.v201005250945,"org.eclipse.datatools.sqltools.tabledataeditor",1378236542482
stopped,bundle,org.eclipse.datatools.connectivity.apache.derby.ui,1.0.3.v201107221459,"org.eclipse.datatools.connectivity.apache.derby.ui",1378236542482
stopped,bundle,org.eclipse.datatools.enablement.sybase.ui,1.0.0.v200906090452,"org.eclipse.datatools.enablement.sybase.ui",1378236542482
stopped,bundle,org.eclipse.datatools.connectivity.sqm.server.ui,1.1.100.v201107221459,"org.eclipse.datatools.connectivity.sqm.server.ui",1378236542482
stopped,bundle,org.eclipse.datatools.connectivity.sqm.core.ui,1.2.1.v20110926045,"org.eclipse.datatools.connectivity.sqm.core.ui",1378236542482
stopped,bundle,org.eclipse.jst.j2ee.ejb.annotations.ui,1.1.200.v201004290730,"org.eclipse.jst.j2ee.ejb.annotations.ui",1378236542482
stopped,bundle,org.eclipse.datatools.connectivity.ui.dse,1.1.4.v201107221459,"org.eclipse.datatools.connectivity.ui.dse",1378236542482
stopped,bundle,org.eclipse.help.webapp,3.6.1.r37_20110929,"org.eclipse.help.webapp",1378236542482
stopped,bundle,org.eclipse.help.base,3.6.2.v201202080800,"org.eclipse.help.base",1378236542482
stopped,bundle,org.eclipse.equinox.http.jetty,2.0.100.v20110502,"org.eclipse.equinox.http.jetty",1378236542482
stopped,bundle,org.eclipse.wst.server.preview,1.1.100.v20091208,"org.eclipse.wst.server.preview",1378236542482
stopped,bundle,com.google.appengine.eclipse.sdkbundle,1.6.4.v201203300216r37,"com.google.appengine.eclipse.sdkbundle",1378236542482
stopped,bundle,com.google.appengine.eclipse.datatools,3.1.2.v201211121242-rel-r37,"com.google.appengine.eclipse.datatools",1378236542482
stopped,bundle,com.google.appengine.eclipse.webtools,3.1.2.v201211121242-rel-r37,"com.google.appengine.eclipse.webtools",1378236542482
stopped,bundle,com.google.gdt.eclipse.mobile.android,3.1.2.v201211121242-rel-r37,"com.google.gdt.eclipse.mobile.android",1378236542482
stopped,bundle,com.google.gdt.eclipse.appengine.swarm_backend,3.1.2.v201211121242-rel-r37,"com.google.gdt.eclipse.appengine.swarm_backend",1378236542482
stopped,bundle,com.google.gdt.eclipse.appengine.swarm,3.1.2.v201211121242-rel-r37,"com.google.gdt.eclipse.appengine.swarm",1378236542482
stopped,bundle,com.google.gdt.eclipse.appengine.rpc,3.1.2.v201211121242-rel-r37,"com.google.gdt.eclipse.appengine.rpc",1378236542482
stopped,bundle,com.google.gdt.eclipse.gph.e36,3.1.2.v201211121242-rel-r37,"com.google.gdt.eclipse.gph.e36",1378236542482
stopped,bundle,com.google.gdt.eclipse.gph.hge,3.1.2.v201211121242-rel-r37,"com.google.gdt.eclipse.gph.hge",1378236542482
stopped,bundle,com.google.gdt.eclipse.gph.subclipse,3.1.2.v201211121242-rel-r37,"com.google.gdt.eclipse.gph.subclipse",1378236542482
stopped,bundle,com.google.gdt.eclipse.gph.subversive,3.1.2.v201211121242-rel-r37,"com.google.gdt.eclipse.gph.subversive",1378236542483
stopped,bundle,com.google.gdt.eclipse.suite.ext,3.1.2.v201211121242-rel-r37,"com.google.gdt.eclipse.suite.ext",1378236542483
stopped,bundle,com.google.gdt.eclipse.gph,3.1.2.v201211121242-rel-r37,"com.google.gdt.eclipse.gph",1378236542483
stopped,bundle,com.google.gdt.eclipse.maven.e37,3.1.2.v201211121242-rel-r37,"com.google.gdt.eclipse.maven.e37",1378236542483
stopped,bundle,com.google.gdt.eclipse.maven,3.1.2.v201211121242-rel-r37,"com.google.gdt.eclipse.maven",1378236542483
stopped,bundle,com.google.gdt.eclipse.suite,3.1.2.v201211121242-rel-r37,"com.google.gdt.eclipse.suite",1378236542483
stopped,bundle,com.google.gdt.eclipse.appsmarketplace,3.1.2.v201211121242-rel-r37,"com.google.gdt.eclipse.appsmarketplace",1378236542483
stopped,bundle,com.google.gdt.eclipse.managedapis,3.1.2.v201211121242-rel-r37,"com.google.gdt.eclipse.managedapis",1378236542483
stopped,bundle,com.google.appengine.eclipse.core,3.1.2.v201211121242-rel-r37,"com.google.appengine.eclipse.core",1378236542483
stopped,bundle,com.google.gdt.eclipse.login,3.1.2.v201211121242-rel-r37,"com.google.gdt.eclipse.login",1378236542483
stopped,bundle,com.google.gwt.eclipse.sdkbundle,2.4.0.r37v201109211906,"com.google.gwt.eclipse.sdkbundle",1378236542483
stopped,bundle,org.slim3.eclipse.core,1.0.13.201111281535,"org.slim3.eclipse.core",1378236542483
stopped,bundle,com.google.gwt.eclipse.oophm,3.1.2.v201211121242-rel-r37,"com.google.gwt.eclipse.oophm",1378236542484
stopped,bundle,com.google.gwt.eclipse.core,3.1.2.v201211121242-rel-r37,"com.google.gwt.eclipse.core",1378236542590
stopped,bundle,com.google.gdt.eclipse.core,3.1.2.v201211121242-rel-r37,"com.google.gdt.eclipse.core",1378236542590
stopped,bundle,com.google.gdt.eclipse.platform,3.1.2.v201211121242-rel-r37,"com.google.gdt.eclipse.platform",1378236542590
stopped,bundle,com.google.gdt.eclipse.platform.e37,3.1.2.v201211121242-rel-r37,"com.google.gdt.eclipse.platform.e37",1378236542590
stopped,bundle,org.eclipse.m2e.jdt,1.0.200.20111228-1245,"org.eclipse.m2e.jdt",1378236542590
stopped,bundle,org.eclipse.m2e.core.ui,1.0.200.20111228-1245,"org.eclipse.m2e.core.ui",1378236542591
stopped,bundle,org.eclipse.m2e.core,1.0.200.20111228-1245,"org.eclipse.m2e.core",1378236542591
stopped,bundle,org.eclipse.jpt.dbws.eclipselink.ui,1.0.0.v201104110000,"org.eclipse.jpt.dbws.eclipselink.ui",1378236542591
stopped,bundle,org.eclipse.jst.ws.jaxws.ui,1.0.100.v201104032053,"org.eclipse.jst.ws.jaxws.ui",1378236542591
stopped,bundle,org.eclipse.jst.ws.jaxws.core,1.0.100.v201104031139,"org.eclipse.jst.ws.jaxws.core",1378236542591
stopped,bundle,org.eclipse.team.svn.mylyn,0.7.9.I20110318-1700,"org.eclipse.team.svn.mylyn",1378236542591
stopped,bundle,org.eclipse.mylyn.bugzilla.ui,3.8.2.v20120916-1200,"org.eclipse.mylyn.bugzilla.ui",1378236542591
stopped,bundle,org.eclipse.mylyn.bugzilla.core,3.8.2.v20120916-1200,"org.eclipse.mylyn.bugzilla.core",1378236542592
stopped,bundle,org.eclipse.mylyn.commons.xmlrpc,3.8.2.v20120916-1200,"org.eclipse.mylyn.commons.xmlrpc",1378236542592
stopped,bundle,org.eclipse.wst.wsdl,1.2.202.v201108230355,"org.eclipse.wst.wsdl",1378236542592
stopped,bundle,org.eclipse.wst.wsdl.validation,1.1.502.v201104071820,"org.eclipse.wst.wsdl.validation",1378236542592
stopped,bundle,org.eclipse.datatools.enablement.oda.ws.ui,1.2.3.v201112061438,"org.eclipse.datatools.enablement.oda.ws.ui",1378236542592
stopped,bundle,org.eclipse.datatools.enablement.oda.ws,1.2.3.v201112061438,"org.eclipse.datatools.enablement.oda.ws",1378236542592
stopped,bundle,org.eclipse.wst.xsl.exslt.ui,1.0.0.v201006012005,"org.eclipse.wst.xsl.exslt.ui",1378236542592
stopped,bundle,org.eclipse.wst.xsl.jaxp.debug.ui,1.0.200.v201103081922,"org.eclipse.wst.xsl.jaxp.debug.ui",1378236542593
stopped,bundle,org.eclipse.wst.xsl.ui,1.1.200.v201103082057,"org.eclipse.wst.xsl.ui",1378236542593
stopped,bundle,org.eclipse.wst.xml.xpath.ui,1.1.100.v201105030025,"org.eclipse.wst.xml.xpath.ui",1378236542593
stopped,bundle,org.eclipse.wst.xsl.debug.ui,1.0.200.v201101281837,"org.eclipse.wst.xsl.debug.ui",1378236542593
stopped,bundle,org.eclipse.wst.xsl.jaxp.launching,1.0.200.v201103081922,"org.eclipse.wst.xsl.jaxp.launching",1378236542593
